,crypto_name,first_date
1663,namecoin,2013-04-28
971,peercoin,2013-04-28
44,litecoin,2013-04-28
19,bitcoin,2013-04-28
266,feathercoin,2013-05-03
1812,primecoin,2013-07-11
797,ripple,2013-08-04
411,nxt,2013-12-04
457,dogecoin,2013-12-15
1206,omni,2013-12-24
702,vertcoin,2014-01-20
1712,digibyte,2014-02-06
1059,reddcoin,2014-02-10
146,dash,2014-02-14
1549,counterparty,2014-02-15
1253,monacoin,2014-03-20
1794,gulden,2014-04-08
453,einsteinium,2014-04-09
1279,groestlcoin,2014-04-11
611,maidsafecoin,2014-04-28
1764,monero,2014-05-21
100,cloakcoin,2014-06-07
1640,nav-coin,2014-06-12
1625,digitalnote,2014-06-24
353,stealth,2014-07-10
515,viacoin,2014-07-18
1164,bitshares,2014-07-21
1361,iocoin,2014-08-02
670,stellar,2014-08-05
1501,syscoin,2014-08-20
1388,emercoin,2014-08-23
1,gamecredits,2014-09-01
17,verge,2014-10-25
1029,blocknet,2014-11-01
793,nexus,2015-01-25
1228,gridcoin,2015-02-28
625,nem,2015-04-01
473,aeon,2015-08-04
886,ethereum,2015-08-07
1289,siacoin,2015-08-26
59,expanse,2015-09-15
1351,factom,2015-10-06
755,decred,2016-02-10
613,pivx,2016-02-13
1242,lisk,2016-04-06
1821,steem,2016-04-18
291,digixdao,2016-04-18
1177,ubiq,2016-05-14
1076,global-currency-reserve,2016-05-14
688,parallelcoin,2016-05-14
949,augur,2016-05-14
896,dimecoin,2016-05-14
1070,boolberry,2016-05-14
599,bytecoin-bcn,2016-05-14
415,dnotes,2016-05-14
1222,waves,2016-06-02
1675,ardor,2016-07-23
1366,ethereum-classic,2016-07-24
743,stratis,2016-08-12
501,neo,2016-09-09
1614,pluton,2016-09-17
1509,singulardtv,2016-10-03
1032,zcoin,2016-10-06
1391,zcash,2016-10-29
326,zclassic,2016-11-10
903,golem-network-tokens,2016-11-18
518,wings,2017-01-11
169,komodo,2017-02-05
1299,melon,2017-02-22
1684,nano,2017-03-07
27,ark,2017-03-22
1063,edgeless,2017-03-30
1463,skycoin,2017-04-17
877,rlc,2017-04-20
1196,trust,2017-04-20
101,bitcore,2017-04-27
1611,lunyr,2017-05-01
1298,gnosis-gno,2017-05-01
88,monolith,2017-05-07
1315,humaniq,2017-05-11
1141,aragon,2017-05-18
51,qtum,2017-05-24
733,sumokoin,2017-05-30
1859,zencash,2017-06-01
1135,aeternity,2017-06-01
1495,basic-attention-token,2017-06-01
1557,metaverse,2017-06-05
703,eboostcoin,2017-06-06
1272,quantum-resistant-ledger,2017-06-10
635,mobilego,2017-06-11
1478,iota,2017-06-13
499,mysterium,2017-06-14
832,more-coin,2017-06-16
1595,zrcoin,2017-06-16
1500,bancor,2017-06-22
544,numeraire,2017-06-23
680,gxchain,2017-06-25
678,funfair,2017-06-27
962,status,2017-06-28
620,ergo,2017-06-29
1072,adx-net,2017-07-01
648,eos,2017-07-01
1539,storj,2017-07-02
761,crypto-com,2017-07-03
1329,wagerr,2017-07-05
1117,gas,2017-07-06
1682,tenx,2017-07-08
397,metal,2017-07-09
931,populous,2017-07-11
434,santiment,2017-07-12
1018,omisego,2017-07-14
1452,civic,2017-07-17
912,ethos,2017-07-18
1297,particl,2017-07-20
2,smartcash,2017-07-21
4,bitcoin-cash,2017-07-23
1842,pillar,2017-07-24
1570,binance-coin,2017-07-25
79,ixledger,2017-07-27
919,oax,2017-07-31
1736,district0x,2017-08-03
1440,stox,2017-08-05
348,bytom,2017-08-08
565,dentacoin,2017-08-11
815,dent,2017-08-12
782,adshares,2017-08-12
1559,the-champcoin,2017-08-15
375,0x 2,2017-08-16
1166,0x,2017-08-16
1593,yoyow,2017-08-19
870,hypercash,2017-08-20
69,nebulas-token,2017-08-23
1795,waltonchain,2017-08-27
359,maker,2017-08-27
1567,achain,2017-08-27
1648,primas,2017-08-28
1337,loopring,2017-08-30
1634,poet,2017-09-01
1421,monetha,2017-09-06
204,agrello-delta,2017-09-09
1839,moeda-loyalty-points,2017-09-11
492,neblio,2017-09-12
302,tron,2017-09-13
578,decentraland,2017-09-17
1136,indorse-token,2017-09-19
358,propy,2017-09-19
1357,blackmoon,2017-09-20
1522,chainlink,2017-09-20
390,kyber-network,2017-09-24
1607,chronologic,2017-09-25
1131,substratum,2017-09-25
1748,vibe,2017-09-25
416,kin,2017-09-27
223,salt,2017-09-29
106,cardano,2017-10-01
231,tezos,2017-10-02
487,viberate,2017-10-06
1113,internxt,2017-10-07
1353,paypie,2017-10-10
485,everex,2017-10-10
351,hellogold,2017-10-12
185,enigma,2017-10-13
354,cindicator,2017-10-13
484,zeusshield,2017-10-13
817,blockmason,2017-10-17
6,airswap,2017-10-17
616,maecenas,2017-10-18
1362,aion,2017-10-18
1083,request,2017-10-20
333,bitcoin-gold,2017-10-23
506,amber,2017-10-23
583,kucoin-shares,2017-10-24
189,exrnchain,2017-10-25
450,nuls,2017-10-25
954,ripio-credit-network,2017-10-26
1377,luxcoin,2017-10-27
67,icon,2017-10-27
242,etherparty,2017-10-30
528,gridplus,2017-11-01
1851,power-ledger,2017-11-01
1490,enjin-coin,2017-11-01
695,revain,2017-11-01
514,atlant,2017-11-01
529,electroneum,2017-11-02
939,shield-xsh,2017-11-03
355,streamr-datacoin,2017-11-03
363,aeron,2017-11-07
238,delphy,2017-11-08
0,raiden-network-token,2017-11-08
1433,decent-bet,2017-11-13
1854,upfiring,2017-11-14
95,genesis-vision,2017-11-15
1014,privatix,2017-11-16
868,ink,2017-11-20
1643,quantstamp,2017-11-21
944,qash,2017-11-21
1720,bitcoin-diamond,2017-11-24
617,time-new-bank,2017-11-27
309,blockv,2017-11-28
1401,aave,2017-11-30
792,aave 2,2017-11-30
1840,dragonchain,2017-12-03
1699,presearch,2017-12-05
1134,cybermiles,2017-12-06
945,bonpay,2017-12-07
1402,datamine,2017-12-08
64,iot-chain,2017-12-10
1313,tael,2017-12-12
297,medishares,2017-12-13
719,uquid_coin,2017-12-13
77,smartmesh,2017-12-14
1770,gifto,2017-12-18
1005,genaro-network,2017-12-18
130,ost,2017-12-19
780,stormx,2017-12-20
1190,playkey,2017-12-20
1661,storm,2017-12-20
624,starbase,2017-12-20
881,aelf,2017-12-21
1494,wax,2017-12-21
1137,medibloc,2017-12-22
357,bread,2017-12-24
1566,bibox-token,2017-12-24
1521,cryptopay,2017-12-28
1336,sirin-labs-token,2017-12-28
58,deepbrain-chain,2017-12-28
1281,html-coin,2017-12-28
361,qlink,2017-12-29
52,utrust,2017-12-29
1659,herocoin,2018-01-02
1451,matryx,2018-01-02
1546,ignis,2018-01-03
168,lightning-bitcoin,2018-01-03
369,game,2018-01-03
1282,appcoins,2018-01-08
539,lamden,2018-01-08
569,waykichain,2018-01-09
215,swftcoin,2018-01-09
1771,high-performance-blockchain,2018-01-09
257,get-protocol,2018-01-11
1507,tokenclub,2018-01-11
538,polis,2018-01-11
1267,zap,2018-01-12
820,kcash,2018-01-12
636,bitcoin-atom,2018-01-13
989,bottos,2018-01-14
992,weth,2018-01-14
757,telcoin,2018-01-15
1604,selfkey,2018-01-15
1317,oneroot-network,2018-01-15
1120,iostoken,2018-01-16
732,theta,2018-01-17
227,spacechain,2018-01-17
1208,insurepal,2018-01-19
996,singularitynet,2018-01-19
474,scryinfo,2018-01-20
738,yee,2018-01-20
1375,mobius,2018-01-20
344,acute-angle-cloud,2018-01-20
952,hydro-protocol,2018-01-20
1862,chatcoin,2018-01-20
1376,data,2018-01-22
85,trinity-network-credit,2018-01-22
666,molecular-future,2018-01-22
444,crpt,2018-01-22
860,carvertical,2018-01-22
1132,covesting,2018-01-23
1399,odyssey,2018-01-24
1674,truechain,2018-01-24
1742,unlimitedip,2018-01-24
1259,tokenbox,2018-01-24
356,aidcoin,2018-01-24
1476,educare,2018-01-24
156,devery,2018-01-24
1000,zilliqa,2018-01-25
1203,linkeye,2018-01-25
1238,origintrail,2018-01-25
122,fortuna,2018-01-26
1266,matrix-ai-network,2018-01-27
254,all-sports,2018-01-27
756,coinfi,2018-01-29
904,ruff,2018-01-29
1568,zeepin,2018-01-30
650,cpchain,2018-01-30
462,cargox,2018-01-31
679,elastos,2018-02-01
132,polymath-network,2018-02-02
1428,stk,2018-02-02
568,swissborg,2018-02-03
590,huobi-token,2018-02-03
1580,dmarket,2018-02-03
520,adbank,2018-02-03
1752,medical-chain,2018-02-03
1465,zilla,2018-02-03
336,bluzelle,2018-02-06
1635,thekey,2018-02-07
104,goldmint,2018-02-09
377,wepower,2018-02-09
303,mktcoin,2018-02-10
1085,dether,2018-02-15
469,alphacat,2018-02-15
1561,fusion,2018-02-16
1808,restart-energy-mwat,2018-02-17
1278,gems-protocol,2018-02-20
36,neurotoken,2018-02-20
1016,litecoin-cash,2018-02-21
370,ren,2018-02-21
974,nucleus-vision,2018-02-26
200,arcblock,2018-02-26
1300,remme,2018-02-26
925,ink-protocol,2018-02-28
1125,refereum,2018-03-01
556,iht-real-estate-protocol,2018-03-01
1800,lympo,2018-03-01
1586,credits,2018-03-03
559,insights-network,2018-03-03
867,bit-tube,2018-03-06
1737,hoqu,2018-03-08
824,coinpoker,2018-03-08
586,datx,2018-03-08
1307,ontology,2018-03-08
105,tomochain,2018-03-08
84,babb,2018-03-09
412,electrifyasia,2018-03-09
1503,bitcoin-private,2018-03-10
1626,te-food,2018-03-10
957,ravencoin,2018-03-10
1434,tokenomy,2018-03-10
178,shipchain,2018-03-10
313,synthetix-network-token,2018-03-14
310,loom-network,2018-03-14
998,banca,2018-03-19
1731,nanjcoin,2018-03-20
1034,dragon-coins,2018-03-20
1043,napoleonx,2018-03-21
1727,bnktothefuture,2018-03-22
1002,amlt,2018-03-23
1247,wanchain,2018-03-23
729,mithril,2018-03-24
619,peculium,2018-03-25
11,blitzpredict,2018-03-27
909,sentinel-chain,2018-04-02
1129,friends,2018-04-04
1713,tokenpay,2018-04-05
1302,rentberry,2018-04-07
1256,polyswarm,2018-04-10
152,stakenet,2018-04-13
801,xinfin-network,2018-04-13
546,cortex,2018-04-16
609,eosdac,2018-04-17
1275,cybervein,2018-04-17
1608,sentinel,2018-04-17
911,u-network,2018-04-17
923,monero-classic,2018-04-20
1536,auctus,2018-04-20
667,aditus,2018-04-23
737,fintrux-network,2018-04-23
447,dero,2018-04-23
778,haven-protocol,2018-04-23
533,effect-ai,2018-04-24
1114,masari,2018-04-25
511,dock,2018-04-25
1042,holo,2018-04-30
607,decentralized-machine-learning,2018-04-30
272,lendingblock,2018-05-01
248,nexo,2018-05-01
1389,penta,2018-05-01
669,biotron,2018-05-01
350,rublix,2018-05-01
35,vipstar-coin,2018-05-01
1475,daex,2018-05-02
935,amon,2018-05-03
116,sharder,2018-05-03
604,bitcoin-interest,2018-05-03
448,morpheus-labs,2018-05-04
1287,crowd-machine,2018-05-04
1514,transcodium,2018-05-04
865,tripio,2018-05-09
1833,apr-coin,2018-05-10
523,skrumble-network,2018-05-10
674,daostack,2018-05-10
455,fuzex,2018-05-10
643,parkgene,2018-05-10
1106,boutspro,2018-05-10
75,bezant,2018-05-11
1545,global-social-chain,2018-05-15
1585,content-neutrality-network,2018-05-15
337,sakura-bloom,2018-05-15
246,blockmesh,2018-05-21
1327,loki,2018-05-21
841,unibright,2018-05-21
1071,callisto-network,2018-05-22
690,open-platform,2018-05-22
489,libra-credit,2018-05-22
1363,patron,2018-05-22
665,xyo,2018-05-22
1477,digitex-futures,2018-05-23
1680,red,2018-05-23
224,iotex,2018-05-25
1396,spindle,2018-05-28
1579,phantasma,2018-05-28
1763,faceter,2018-05-28
193,travala,2018-05-28
1115,nkn,2018-05-28
872,seele,2018-05-31
1392,endor-protocol,2018-05-31
953,bigbom,2018-06-04
1139,quarkchain,2018-06-04
606,0xbtc,2018-06-04
286,pchain,2018-06-04
1599,cryptaur,2018-06-05
1774,ether-zero,2018-06-05
1155,mybit,2018-06-08
268,ceek-vr,2018-06-11
1423,gochain,2018-06-13
1458,xmax,2018-06-15
527,smartshare,2018-06-15
994,sentinel-protocol,2018-06-18
1681,constellation,2018-06-20
1182,merculet,2018-06-20
789,aurora,2018-06-26
1710,metronome,2018-06-26
135,origin-sport,2018-06-27
537,rate3,2018-06-27
103,0chain,2018-07-02
1409,egretia,2018-07-02
80,bobs-repair,2018-07-03
1623,cardstack,2018-07-03
603,gonetwork,2018-07-05
1099,mainframe,2018-07-05
614,project-pai,2018-07-05
1658,fanstime,2018-07-06
81,essentia,2018-07-06
424,likecoin,2018-07-10
1652,hashcoin,2018-07-10
1236,moss-coin,2018-07-11
281,oneledger,2018-07-12
566,0xcert,2018-07-12
413,bitmart-token,2018-07-13
422,everipedia,2018-07-13
137,vite,2018-07-18
1564,tgame,2018-07-18
564,hashgard,2018-07-18
174,rocket-pool,2018-07-18
1339,kryll,2018-07-19
1290,elysian,2018-07-19
1583,contentbox,2018-07-19
1201,turtlecoin,2018-07-23
969,cosmo-coin,2018-07-23
62,local-coin-swap,2018-07-25
1105,zper,2018-07-25
1820,vikkytoken,2018-07-25
602,bitrewards,2018-07-25
1195,fox-trading,2018-07-25
1524,ryo-currency,2018-07-27
543,mvl,2018-07-27
641,nix,2018-07-28
1780,aced,2018-07-30
1324,pigeoncoin,2018-07-30
133,bitkan,2018-07-30
1759,horuspay,2018-07-30
1555,vethor-token,2018-07-30
1212,atc-coin,2018-07-31
1565,niobio-cash,2018-07-31
723,vexanium,2018-07-31
230,master-contract-token,2018-07-31
1107,kwhcoin,2018-08-01
493,kalkulus,2018-08-01
198,exmr,2018-08-01
391,you-coin,2018-08-01
794,neurochain,2018-08-01
316,vivid-coin,2018-08-01
1835,arionum,2018-08-01
799,semux,2018-08-02
1454,bitcapitalvendor,2018-08-02
321,webcoin,2018-08-02
1308,bitcoinote,2018-08-02
926,litex,2018-08-02
1810,dacsee,2018-08-02
1152,bitblocks,2018-08-03
1082,euno,2018-08-03
1384,bhp-coin,2018-08-03
900,vechain,2018-08-03
126,kind-ads-token,2018-08-03
1819,thore-cash,2018-08-06
1786,croat,2018-08-06
1531,niobium-coin,2018-08-06
1836,vinchain,2018-08-06
1316,xovbank,2018-08-06
547,omnitude,2018-08-06
1078,giant-coin,2018-08-07
1270,commercium,2018-08-07
147,graviocoin,2018-08-07
8,bitnation,2018-08-07
48,ice-rock-mining,2018-08-07
915,pundi-x-nem,2018-08-07
1397,scorum-coins,2018-08-07
1046,nuggets,2018-08-07
1584,owndata,2018-08-08
1218,thingschain,2018-08-09
1167,proximax,2018-08-09
1551,igtoken,2018-08-09
660,xdna,2018-08-09
405,themis,2018-08-09
1154,hycon,2018-08-10
384,meetone,2018-08-10
1319,baasid,2018-08-10
1271,quant,2018-08-10
902,dxchain-token,2018-08-10
139,blockpass,2018-08-10
217,airbloc,2018-08-13
811,ubex,2018-08-13
1049,davinci-coin,2018-08-13
951,pumapay,2018-08-13
580,heartbout,2018-08-14
668,ttc-protocol,2018-08-14
21,showhand,2018-08-16
1718,gold-poker,2018-08-16
1359,arbidex,2018-08-16
205,hitchain,2018-08-16
1863,dprating,2018-08-20
1293,nasdacoin,2018-08-22
201,ontology-gas,2018-08-23
800,energi,2018-08-24
1340,dav-coin,2018-08-24
927,moneytoken,2018-08-30
1088,ailink-token,2018-09-05
1250,fire-lotto,2018-09-05
960,parkingo,2018-09-07
1035,hashnet-biteco,2018-09-07
936,ulord,2018-09-07
1846,cybermusic,2018-09-07
1017,amo-coin,2018-09-11
882,evencoin,2018-09-11
534,rotharium,2018-09-12
89,birake,2018-09-13
436,eden,2018-09-17
1832,uchain,2018-09-17
183,invictus-hyperion-fund,2018-09-17
592,paycent,2018-09-21
345,smartofgiving,2018-09-21
890,six,2018-09-21
1456,cryptrust,2018-09-21
1664,iqeon,2018-09-24
1480,anon,2018-09-26
758,the-midas-touch-gold,2018-09-27
1769,zb,2018-09-27
846,midasprotocol,2018-09-27
317,safeinsure,2018-10-01
165,mir-coin,2018-10-03
33,tolar,2018-10-05
1461,free-coin,2018-10-05
759,neural-protocol,2018-10-05
836,metadium,2018-10-09
1686,sharpay,2018-10-10
365,coinsuper-ecosystem-network,2018-10-11
179,snetwork,2018-10-11
1181,eunomia,2018-10-11
1493,rapids,2018-10-11
885,divi,2018-10-12
1529,abbc-coin,2018-10-12
1457,mmocoin,2018-10-15
1379,iridium,2018-10-17
1797,gohelpfund,2018-10-17
1618,helium,2018-10-18
1189,fivebalance,2018-10-18
1677,box-token,2018-10-19
830,asura-coin,2018-10-19
1306,waletoken,2018-10-22
858,zbg-token,2018-10-23
1600,vetri,2018-10-23
869,ionchain,2018-10-26
124,microbitcoin,2018-10-26
293,fantom,2018-10-30
1174,kleros,2018-11-01
839,nerva,2018-11-07
192,humanscape,2018-11-08
1441,bitcoin-sv,2018-11-09
409,cwv-chain,2018-11-16
1750,ilcoin,2018-11-27
1861,hyperquant,2018-11-27
1479,atlas-protocol,2018-11-28
818,quadrantprotocol,2018-12-04
1627,machine-xchange-coin,2018-12-07
1030,foam,2018-12-11
1180,kambria,2018-12-13
1097,crypto-com-coin,2018-12-14
1325,aergo,2018-12-17
774,livepeer,2018-12-19
425,herbalist-token,2018-12-21
593,cova,2018-12-26
1350,lambda,2019-01-02
813,fountain,2019-01-03
536,footballcoin,2019-01-03
1474,atomic-wallet-coin,2019-01-04
924,proxynode,2019-01-04
1330,roiyal-coin,2019-01-08
226,hyperion,2019-01-14
654,rif-token,2019-01-16
269,beam,2019-01-17
1387,adamant-messenger,2019-01-17
1305,grin,2019-01-27
60,exosis,2019-01-28
491,plair,2019-01-28
767,wrapped-bitcoin,2019-01-30
1619,cloudbric,2019-01-30
1485,bittorrent,2019-01-31
1207,cajutel,2019-01-31
638,huobi-pool-token,2019-02-01
659,solve,2019-02-04
110,temco,2019-02-04
63,lto-network,2019-02-06
1144,s4fe,2019-02-07
1104,fabric-token,2019-02-08
1055,dex,2019-02-08
1119,clearcoin,2019-02-08
166,formosa-financial,2019-02-08
378,zmine,2019-02-08
380,everus,2019-02-08
1041,encrypgen,2019-02-08
1039,radium,2019-02-08
343,aidos-kuneen,2019-02-08
1793,naviaddress,2019-02-08
1057,nper,2019-02-08
1538,cashbet-coin,2019-02-08
386,volt,2019-02-08
1562,kickico,2019-02-08
1124,zelcash,2019-02-08
387,rhenium,2019-02-08
1031,adultchain,2019-02-08
1024,blockchain-certified-data-token,2019-02-08
1023,leverj,2019-02-08
1020,quanta-utility-token,2019-02-08
394,sportyco,2019-02-08
1037,safe-exchange-coin,2019-02-08
1554,mothership,2019-02-08
1060,stockchain,2019-02-08
1553,lykke,2019-02-08
1543,coinvest,2019-02-08
171,autonio,2019-02-08
1094,iconiq-lab-token,2019-02-08
1109,rchain,2019-02-08
1092,wibson,2019-02-08
1091,solarcoin,2019-02-08
12,pikciochain,2019-02-08
1087,chex,2019-02-08
1086,adtoken,2019-02-08
367,gsenetwork,2019-02-08
1110,sharpe-platform-token,2019-02-08
1548,bodhi,2019-02-08
1111,liquidity-network,2019-02-08
371,hydrogen,2019-02-08
38,empowr-coin,2019-02-08
1077,wixlar,2019-02-08
91,fluz-fluz,2019-02-08
1074,newyorkcoin,2019-02-08
1116,sdchain,2019-02-08
1073,knoxstertoken,2019-02-08
1118,the-currency-analytics,2019-02-08
373,almeela,2019-02-08
1068,intelligent-investment-chain,2019-02-08
1067,salus,2019-02-08
1552,dao-casino,2019-02-08
352,speed-mining-service,2019-02-08
1791,blockchain-quotations-index-token,2019-02-08
1788,earth-token,2019-02-08
1010,jiyo,2019-02-08
1597,dadi,2019-02-08
449,acre,2019-02-08
914,tierion,2019-02-08
906,sp8de,2019-02-08
109,zen-protocol,2019-02-08
454,electra,2019-02-08
456,burst,2019-02-08
1757,fantasygold,2019-02-08
1601,yeed,2019-02-08
892,amoveo,2019-02-08
887,business-credit-alliance-chain,2019-02-08
1603,skychain,2019-02-08
464,dragon-token,2019-02-08
112,mooncoin,2019-02-08
874,valuto,2019-02-08
873,shift,2019-02-08
1755,robotina,2019-02-08
467,block-array,2019-02-08
863,bitsum,2019-02-08
862,atlantis-blue-digital-token,2019-02-08
472,canyacoin,2019-02-08
475,condominium,2019-02-08
851,blox,2019-02-08
850,zippie,2019-02-08
848,ion,2019-02-08
929,indahash,2019-02-08
930,darcio-ecosystem-coin,2019-02-08
1766,polybius,2019-02-08
932,bitcoin-file,2019-02-08
1007,heronode,2019-02-08
1790,spankchain,2019-02-08
342,popchain,2019-02-08
1575,purex,2019-02-08
1787,pundi-x,2019-02-08
997,thingsoperatingsystem,2019-02-08
995,inflationcoin,2019-02-08
1576,online,2019-02-08
990,olive,2019-02-08
407,inmax,2019-02-08
982,seer,2019-02-08
981,budbo,2019-02-08
1012,giga,2019-02-08
976,snowgem,2019-02-08
968,data-exchange,2019-02-08
963,aegeus,2019-02-08
420,lisk-machine-learning,2019-02-08
958,kun,2019-02-08
956,thrive-token,2019-02-08
1772,bridge-protocol,2019-02-08
1587,nos,2019-02-08
432,hurify,2019-02-08
160,proxeus,2019-02-08
1589,ternio,2019-02-08
32,engine,2019-02-08
435,flo,2019-02-08
972,brahmaos,2019-02-08
340,logiscoin,2019-02-08
1717,apex,2019-02-08
339,bridgecoin,2019-02-08
225,eccoin,2019-02-08
57,blocktrade-token,2019-02-08
1356,eligma-token,2019-02-08
1346,traceability-chain,2019-02-08
234,library-credit,2019-02-08
1468,benz,2019-02-08
235,zip,2019-02-08
1469,bitcoin-token,2019-02-08
1844,boscoin,2019-02-08
182,ti-value,2019-02-08
1334,centauri,2019-02-08
1472,mercury,2019-02-08
1331,switcheo,2019-02-08
239,endorsit,2019-02-08
1473,consentium,2019-02-08
240,neumark,2019-02-08
7,nebula-ai,2019-02-08
1838,invacio,2019-02-08
253,uttoken,2019-02-08
46,flash,2019-02-08
260,leocoin,2019-02-08
262,apis,2019-02-08
65,b2bx,2019-02-08
68,suqa,2019-02-08
1296,xriba,2019-02-08
1364,relex,2019-02-08
1294,eristica,2019-02-08
1460,decent,2019-02-08
1367,smartlands,2019-02-08
190,carat,2019-02-08
1439,jesus-coin,2019-02-08
49,syncfab,2019-02-08
195,spendcoin,2019-02-08
1427,internationalcryptox,2019-02-08
1424,influence-chain,2019-02-08
1422,incent,2019-02-08
50,ucash,2019-02-08
1445,red-pulse,2019-02-08
1447,experience-token,2019-02-08
1411,cmitcoin,2019-02-08
1449,hdac,2019-02-08
1860,massgrid,2019-02-08
1857,valuechain,2019-02-08
207,novacoin,2019-02-08
1850,pixie-coin,2019-02-08
1386,cononchain,2019-02-08
1385,pitiscoin,2019-02-08
1848,t-os,2019-02-08
1381,nerves,2019-02-08
1847,lightpaycoin,2019-02-08
1374,naga,2019-02-08
184,aphelion,2019-02-08
1370,dignity,2019-02-08
1369,hercules,2019-02-08
55,linda,2019-02-08
265,quasarcoin,2019-02-08
180,debitum-network,2019-02-08
1284,starta,2019-02-08
1193,shard,2019-02-08
1191,phi-token,2019-02-08
1817,blue-whale-token,2019-02-08
1187,masternet,2019-02-08
1184,paccoin,2019-02-08
1183,greenmed,2019-02-08
315,dws,2019-02-08
1816,couchain,2019-02-08
1178,shekel,2019-02-08
320,otcbtc-token,2019-02-08
1528,engagement-token,2019-02-08
1814,lockchain,2019-02-08
1169,ors-group,2019-02-08
1813,bitguild-plat,2019-02-08
1165,ela-coin,2019-02-08
82,daneel,2019-02-08
1163,bankex,2019-02-08
1156,swarm-fund,2019-02-08
1153,axpire,2019-02-08
1149,observer,2019-02-08
477,ormeus-coin,2019-02-08
1535,paragon,2019-02-08
1143,albos,2019-02-08
1142,lemochain,2019-02-08
1805,ndex,2019-02-08
1198,hedgetrade,2019-02-08
1199,bodhi-eth,2019-02-08
1520,banyan-network,2019-02-08
301,newstoken,2019-02-08
1489,cybereits,2019-02-08
1274,wollo,2019-02-08
1273,unobtanium,2019-02-08
1824,centercoin,2019-02-08
1264,puregold-token,2019-02-08
1263,carinet,2019-02-08
1258,guppy,2019-02-08
1257,silent-notary,2019-02-08
1496,incodium,2019-02-08
73,datawallet,2019-02-08
1497,soarcoin,2019-02-08
1251,labh-coin,2019-02-08
86,weshow-token,2019-02-08
1249,absolute,2019-02-08
1245,project-coin,2019-02-08
1502,nectar,2019-02-08
1234,capdaxtoken,2019-02-08
292,futurocoin,2019-02-08
1229,experty,2019-02-08
294,key,2019-02-08
1224,yuan-chain-coin,2019-02-08
1223,bumo,2019-02-08
40,aencoin,2019-02-08
295,proton-token,2019-02-08
1216,esports-token,2019-02-08
300,bitcoin2network,2019-02-08
1498,coinus,2019-02-08
1148,betterbetting,2019-02-08
1015,iconomi,2019-02-08
1438,no-bs-crypto,2019-02-08
143,distributed-credit-chain,2019-02-08
713,poa-network,2019-02-08
710,atn,2019-02-08
532,1world,2019-02-08
705,w3coin,2019-02-08
125,dascoin,2019-02-08
700,lendroid-support-token,2019-02-08
1436,privcy,2019-02-08
814,pepe-cash,2019-02-08
1732,stronghold-token,2019-02-08
526,life,2019-02-08
691,drp-utility,2019-02-08
508,pal-network,2019-02-08
816,own,2019-02-08
683,crycash,2019-02-08
542,hold,2019-02-08
681,cashaa,2019-02-08
490,promotion-coin,2019-02-08
1740,clearpoll,2019-02-08
142,palletone,2019-02-08
1687,bhpcash,2019-02-08
765,ivy,2019-02-08
689,howdoo,2019-02-08
676,the-abyss,2019-02-08
1672,blockport,2019-02-08
524,mytoken,2019-02-08
1662,jibrel-network,2019-02-08
24,ugchain,2019-02-08
148,daps-token,2019-02-08
497,cvcoin,2019-02-08
22,beekan,2019-02-08
517,loopring-neo,2019-02-08
496,edu-coin,2019-02-08
1665,rightmesh,2019-02-08
1666,sonm,2019-02-08
748,blocknode,2019-02-08
728,narrative,2019-02-08
1669,consensus,2019-02-08
745,cazcoin,2019-02-08
802,faircoin,2019-02-08
25,mex,2019-02-08
741,stellite,2019-02-08
1632,internet-node-token,2019-02-08
739,dacc,2019-02-08
522,universa,2019-02-08
736,timicoin,2019-02-08
1670,tokenstars,2019-02-08
123,qunqun,2019-02-08
746,opcoinx,2019-02-08
486,etheera,2019-02-08
509,jury-online-token,2019-02-08
1726,modultrade,2019-02-08
1647,signal-token,2019-02-08
1743,visionx,2019-02-08
828,odem,2019-02-08
1624,insolar,2019-02-08
640,verime,2019-02-08
23,content-value-network,2019-02-08
1709,atonomi,2019-02-08
558,sureremit,2019-02-08
1708,1337coin,2019-02-08
118,valuecybertoken,2019-02-08
545,farmatrust,2019-02-08
574,bitcoin-one,2019-02-08
628,bulwark,2019-02-08
1706,copytrack,2019-02-08
1724,shinechain,2019-02-08
1704,1337coin 2,2019-02-08
483,trade-token-x,2019-02-08
618,carlive-chain,2019-02-08
1694,white-standard,2019-02-08
1719,commerceblock,2019-02-08
673,ubique-chain-of-things,2019-02-08
1689,zebi,2019-02-08
505,e-dinar-coin,2019-02-08
550,xtrabytes,2019-02-08
1715,snapcoin,2019-02-08
840,bee-token,2019-02-08
596,morpheus-network,2019-02-08
587,pura,2019-02-08
787,eosblack,2019-02-08
1644,youlive-coin,2019-02-08
655,globalvillage-ecosystem,2019-02-08
1692,minexcoin,2019-02-08
1693,digifinextoken,2019-02-08
1751,kora-network-token,2019-02-08
647,gincoin,2019-02-08
825,dew,2019-02-08
482,tokok,2019-02-08
1651,usechain-token,2019-02-08
571,avinoc,2019-02-08
977,vegawallet-token,2019-02-11
1232,flowchain,2019-02-12
175,eurocoin-token,2019-02-14
197,hxro,2019-02-15
417,icechain,2019-02-18
1796,platoncoin,2019-02-20
826,everycoin,2019-02-20
273,arbitrage,2019-02-21
1578,metahash,2019-02-21
1335,scanet-world-coin,2019-02-22
1237,gmb,2019-02-22
502,max-property-group,2019-02-22
1047,oduwa,2019-02-25
1235,experience-chain,2019-02-25
1019,stakinglab,2019-02-25
742,serve,2019-02-26
29,pibble,2019-02-28
933,hashsbx,2019-03-01
1360,fetch,2019-03-02
430,evos,2019-03-04
1288,maincoin,2019-03-04
1532,v-systems,2019-03-05
966,ankr,2019-03-06
1027,onotoken,2019-03-07
78,aidus-token,2019-03-07
725,cotrader,2019-03-07
531,sparkle,2019-03-08
943,win-win,2019-03-11
987,araw,2019-03-12
1404,boltt-coin,2019-03-12
584,cosmos,2019-03-14
560,bora,2019-03-18
328,bitex-global-xbx-coin,2019-03-19
884,tigercash,2019-03-19
1483,boat-pilot-token,2019-03-20
1598,intellishare,2019-03-22
16,dos-network,2019-03-22
675,flexacoin,2019-03-23
1052,celer-network,2019-03-25
697,pton,2019-03-25
1260,buck-hath-coin,2019-03-26
1513,gopower,2019-03-26
1716,qredit,2019-03-26
1471,olxa,2019-03-27
1722,theta-fuel,2019-03-28
1061,top,2019-03-28
1571,buddy,2019-03-29
1723,nash-exchange,2019-04-01
859,big-bang-game-coin,2019-04-02
821,safe-haven,2019-04-02
406,dexter-g,2019-04-03
1227,verasity,2019-04-03
842,orbs,2019-04-03
701,bitcoin-rhodium,2019-04-04
1133,v-id,2019-04-05
419,bolt,2019-04-05
876,veriblock,2019-04-05
220,caspian,2019-04-05
1173,contents-protocol,2019-04-08
888,when-token,2019-04-09
404,otocash,2019-04-09
56,fatcoin,2019-04-10
1776,unification,2019-04-11
287,fnb-protocol,2019-04-11
1408,multivac,2019-04-11
727,paytomat,2019-04-11
284,blockcloud,2019-04-11
117,sf-capital,2019-04-12
256,neoworld-cash,2019-04-16
663,ugas,2019-04-16
1345,alpha-token,2019-04-16
155,lition,2019-04-17
1429,newton,2019-04-17
399,bilaxy-token,2019-04-18
236,valor-token,2019-04-18
314,irisnet,2019-04-18
562,esbc,2019-04-22
623,oceanex-token,2019-04-23
1158,quickx-protocol,2019-04-25
1291,function-x,2019-04-25
479,bitceo,2019-04-26
1609,wpp-token,2019-04-26
561,matic-network,2019-04-28
938,v-dimension,2019-04-29
685,now-token,2019-04-29
443,okb,2019-04-30
1277,electronic-energy-coin,2019-05-02
1310,duo-network-token,2019-05-02
331,monero-v,2019-05-02
1550,decimated,2019-05-03
699,diamond-platform-token,2019-05-06
692,titan-coin,2019-05-06
1213,ocean-protocol,2019-05-06
1825,sentivate,2019-05-06
1511,drep,2019-05-07
488,tratok,2019-05-07
1405,merebel,2019-05-08
1276,axe,2019-05-08
750,peos,2019-05-09
388,idex,2019-05-09
855,bqt,2019-05-10
158,thunder-token,2019-05-10
119,cnns,2019-05-13
1762,nnb-token,2019-05-14
576,connect-coin,2019-05-14
1398,safex-token,2019-05-15
530,muzika,2019-05-15
1217,p2p-global-network,2019-05-15
1368,carry,2019-05-17
307,artfinity,2019-05-17
516,asian-fintech,2019-05-20
519,kuende,2019-05-21
1342,tera,2019-05-21
1654,unus-sed-leo,2019-05-21
1394,evedo,2019-05-21
967,coineal-token,2019-05-22
1382,pirate-chain,2019-05-22
191,alluva,2019-05-22
83,bomb,2019-05-22
1747,redfox-labs,2019-05-22
250,vodi-x,2019-05-23
1150,trias,2019-05-24
229,eva-cash,2019-05-24
9,reserve-rights,2019-05-24
1831,dreamteam-token,2019-05-24
442,touchcon,2019-05-24
1241,bitcoin-confidential,2019-05-28
138,chromia,2019-05-28
1711,phv,2019-06-01
289,harmony,2019-06-01
1162,origo,2019-06-03
1219,vnt-chain,2019-06-03
594,coti,2019-06-04
1741,webflix-token,2019-06-04
955,iou,2019-06-05
1853,smartup,2019-06-05
368,tcash,2019-06-06
43,krios,2019-06-06
1540,menapay,2019-06-10
883,zerobank,2019-06-11
1518,zenon,2019-06-12
114,izichain,2019-06-12
907,stpt,2019-06-12
396,innovaminex,2019-06-14
1185,bitcoin-bep2,2019-06-18
61,raven-protocol,2019-06-19
1738,honest,2019-06-20
1318,jarvis,2019-06-20
216,contentos,2019-06-20
99,moviebloc,2019-06-21
627,algorand,2019-06-21
548,mgc-token,2019-06-24
1756,naka-bodhi-token,2019-06-24
228,parachute,2019-06-25
921,q-dao-governance-token,2019-06-26
597,aladdin,2019-06-27
144,ampleforth,2019-06-28
1486,liquid-apps,2019-06-28
372,chiliz,2019-07-01
983,silverway,2019-07-03
1803,wirex-token,2019-07-09
908,pixel,2019-07-10
376,dusk-network,2019-07-11
1558,arpa-chain,2019-07-15
341,spiking,2019-07-15
1053,fleta,2019-07-16
30,forceprotocol,2019-07-17
1246,vindax-coin,2019-07-17
1443,prometeus,2019-07-17
891,pivot-token,2019-07-17
838,qiibee,2019-07-18
1544,translateme-network-token,2019-07-18
1128,magic-cube-coin,2019-07-19
1147,akropolis,2019-07-19
1753,winstars-live,2019-07-19
431,super-zero,2019-07-19
1328,cubiex,2019-07-22
1768,imagecoin,2019-07-23
245,boom,2019-07-23
833,thorchain,2019-07-23
973,bitrue-coin,2019-07-25
1011,levolution,2019-07-26
1606,dapp-token,2019-07-26
975,luna,2019-07-26
1615,gowithmi,2019-07-29
1594,ddkoin,2019-07-29
172,blockburn,2019-07-30
1303,ultra,2019-07-30
621,noia-network,2019-07-31
610,ftx-token,2019-07-31
465,chainx,2019-08-01
585,coinmetro-token,2019-08-01
661,linktoken,2019-08-02
1283,birdchain,2019-08-02
243,bosagora,2019-08-05
1172,membrana,2019-08-08
809,helpico,2019-08-08
1418,yottachain,2019-08-09
1735,everitoken,2019-08-12
880,custody-token,2019-08-12
393,enecuum,2019-08-13
1383,blockium,2019-08-14
664,zeuxcoin,2019-08-14
950,hintchain,2019-08-16
177,deepcloud-ai,2019-08-20
381,cocos-bcx,2019-08-21
1685,sessia,2019-08-21
211,mb8-coin,2019-08-21
786,eminer,2019-08-22
1744,pledge-coin,2019-08-24
770,swipe,2019-08-26
1714,12ships,2019-08-26
210,12ships 2,2019-08-26
894,gatechain-token,2019-08-26
1425,krypton-galaxy-coin,2019-08-26
159,perlin,2019-08-26
1090,emogi-network,2019-08-26
251,lukki,2019-08-26
910,videocoin,2019-08-28
657,tokoin,2019-08-28
408,planet,2019-08-28
889,simone,2019-08-29
389,ferrum-network,2019-08-29
1802,fibos,2019-08-29
920,mixmarvel,2019-09-02
382,streamit-coin,2019-09-02
1822,cryptocean,2019-09-02
154,cryptobonusmiles,2019-09-03
810,sealchain,2019-09-03
1066,yobit,2019-09-03
693,vidy,2019-09-04
1815,bidipass,2019-09-05
630,wavesbet,2019-09-05
1130,digital-fantasy-sports,2019-09-06
1122,netbox-coin,2019-09-09
1779,nestree,2019-09-09
762,amino,2019-09-10
1523,emirex,2019-09-10
771,nss,2019-09-10
213,xcrypt,2019-09-10
808,en-tan-mo,2019-09-11
835,decentralized-vulnerability-platform,2019-09-11
1778,digitalbits,2019-09-13
1834,tchain,2019-09-13
1064,probit,2019-09-13
1837,gomics,2019-09-16
1807,hedera-hashgraph,2019-09-17
1400,band-protocol,2019-09-18
970,telos,2019-09-19
1096,hyper-speed-network,2019-09-20
288,soverain,2019-09-23
1700,echoin,2019-09-23
776,rupiah-token,2019-09-24
42,3dcoin,2019-09-24
1101,mx-token,2019-09-24
980,truefeedback,2019-09-25
74,pax-gold,2019-09-26
1344,whole-network,2019-09-26
677,colletrix,2019-09-27
1054,amond,2019-09-28
1613,business-credit-substitute,2019-09-30
34,color-platform,2019-10-03
521,tepleton,2019-10-08
263,treelion,2019-10-08
232,eos-force,2019-10-10
1646,azbit,2019-10-13
1592,catex-token,2019-10-14
1444,chronocoin,2019-10-15
277,bitfex,2019-10-15
1022,d-community,2019-10-16
461,agora,2019-10-16
332,roobee,2019-10-17
285,bitpanda-ecosystem-token,2019-10-18
18,tesra,2019-10-18
259,coinhe-token,2019-10-19
740,xensor,2019-10-21
1781,alp-coin,2019-10-22
471,7eleven,2019-10-23
965,dash-cash,2019-10-24
323,meconcash,2019-10-25
1655,kava,2019-10-25
255,blockstack,2019-10-28
446,swapcoinz,2019-10-31
913,dad-chain,2019-10-31
1695,linka,2019-11-01
94,cryptobosscoin,2019-11-01
557,inlock,2019-11-01
1194,benepit-protocol,2019-11-05
1202,hyperexchange,2019-11-08
1588,margix,2019-11-09
1517,yap-stone,2019-11-09
258,project-with,2019-11-09
458,bispex,2019-11-18
1372,nervos-network,2019-11-19
1525,cutcoin,2019-11-19
170,vinci,2019-11-19
202,tellor,2019-11-19
1140,ormeus-ecosystem,2019-11-19
188,firmachain,2019-11-20
1170,suterusu,2019-11-22
66,capital-x-cell,2019-11-22
1262,fortem-capital,2019-11-25
196,sharetoken,2019-11-26
39,lcx,2019-12-03
305,troy,2019-12-06
1103,filenet,2019-12-09
856,vnx-exchange,2019-12-11
108,safecapital,2019-12-11
541,kusama,2019-12-14
709,medium,2019-12-14
790,hex,2019-12-17
45,vectorspace-ai,2019-12-18
1701,mogu,2019-12-21
1075,conun,2019-12-25
637,orchid,2019-12-26
480,betprotocol,2019-12-26
847,pegnet,2019-12-26
1725,rakon,2019-12-26
1138,npcoin,2019-12-26
1450,apm-coin,2019-12-27
918,ultralpha,2019-12-27
311,zynecoin,2019-12-30
1204,davion,2019-12-30
1225,enzo,2020-01-03
102,tachyon-protocol,2020-01-03
1231,marcopolo-protocol,2020-01-06
658,road,2020-01-07
720,coinsbit-toke,2020-01-08
632,origin-protocol,2020-01-09
1491,orient-walt,2020-01-10
642,3x-long-bitcoin-token,2020-01-21
1159,nyzo,2020-01-21
1084,3x-short-bitcoin-token,2020-01-21
1830,keystone-of-opportunity-knowledge,2020-01-30
871,arcs,2020-02-02
1453,celsius,2020-02-05
717,wazirx,2020-02-06
1349,handshake,2020-02-21
392,edgeware,2020-03-09
1123,perth-mint-gold-token,2020-03-11
567,btse,2020-03-12
1515,wom-protocol,2020-03-17
985,hive,2020-03-26
414,energy-web-token,2020-03-30
1079,proton,2020-04-06
629,deapcoin,2020-04-10
1093,solana,2020-04-10
98,kardiachain,2020-04-18
1354,switch,2020-04-20
423,minter-network,2020-04-22
1754,cartesi,2020-04-23
721,aax-token,2020-04-24
549,just,2020-05-07
1730,rivex,2020-05-11
1761,keep-network,2020-05-13
20,2key-network,2020-05-14
1013,celo,2020-05-22
261,lukso,2020-05-25
298,uma,2020-05-25
504,dxdao,2020-05-26
651,arweave,2020-05-27
150,kadena,2020-05-31
1656,robonomics-network,2020-06-08
335,render-token,2020-06-11
1446,compound,2020-06-16
429,finnexus,2020-06-18
1168,waykichain-governance-coin,2020-06-23
379,balancer,2020-06-24
1416,ring-x-platform,2020-06-26
1464,lunchmoney,2020-06-29
1798,pnetwork,2020-07-01
984,darwinia-network,2020-07-02
1269,sora,2020-07-02
401,treecle,2020-07-02
199,bitcherry,2020-07-03
991,dmm-governance,2020-07-07
1818,aleph-im,2020-07-08
274,small-love-potion,2020-07-09
662,trustswap,2020-07-10
437,avalanche,2020-07-13
785,decentr,2020-07-14
1823,bzx,2020-07-14
712,nest-protocol,2020-07-14
173,orion-protocol,2020-07-16
806,meta,2020-07-18
744,fio-protocol,2020-07-19
121,yearn-finance,2020-07-20
1804,flux,2020-07-20
349,nexus-mutual,2020-07-20
1749,compound-ether,2020-07-24
905,nervenetwork,2020-07-27
734,meter,2020-07-27
1025,plutusdefi,2020-07-27
1080,swingby,2020-07-28
581,darwinia-commitment-token,2020-07-28
1481,wrapped-nxm,2020-07-28
704,mcdex,2020-07-29
1602,yearn-finance-ii,2020-07-29
276,tendies,2020-07-31
1352,liquidity-dividends-protocol,2020-07-31
1161,dia-data,2020-08-04
1785,suku,2020-08-04
1415,yffi-finance,2020-08-04
999,cream-finance,2020-08-04
554,milk-alliance,2020-08-05
1312,unitrade,2020-08-05
898,defipie,2020-08-06
1040,geeq,2020-08-07
934,yflink,2020-08-10
652,force-for-fast,2020-08-10
186,rmpl,2020-08-11
626,serum,2020-08-11
385,yam,2020-08-11
1745,cbdao,2020-08-11
1009,strong,2020-08-11
92,meridian-network,2020-08-12
572,tacos,2020-08-13
812,chi-gastoken,2020-08-13
1777,curve,2020-08-14
115,ethverse,2020-08-14
1254,the-sandbox,2020-08-14
374,wingshop,2020-08-14
1679,bitgear,2020-08-14
834,degenerator,2020-08-16
1691,keysians-network,2020-08-17
1176,mixtrust,2020-08-17
308,native-utility-token,2020-08-17
1537,hakka-finance,2020-08-17
128,anyswap,2020-08-17
922,mantra-dao,2020-08-18
1596,unilayer,2020-08-19
1806,pmeer,2020-08-19
1393,polkadot-new,2020-08-20
140,xiotri,2020-08-21
468,yam-v2,2020-08-21
1048,proxi,2020-08-22
459,axis-defi,2020-08-22
684,open-predict-token,2020-08-24
1683,dextoken,2020-08-24
513,degenvc,2020-08-24
1530,yfiexchange-finance,2020-08-25
1657,vidya,2020-08-25
716,lien,2020-08-25
754,growthdefi,2020-08-26
1728,sperax,2020-08-26
823,dextrust,2020-08-27
1612,sushi,2020-08-28
218,chain-games,2020-08-28
766,powerpool,2020-08-28
219,tokamak-network,2020-08-29
1226,yuno-finance,2020-09-01
494,distx,2020-09-01
1462,kimchi-finance,2020-09-01
1214,pearl,2020-09-02
1630,harvest-finance,2020-09-02
552,carrot,2020-09-03
711,yffs,2020-09-03
937,boosted-finance,2020-09-03
644,oin-finance,2020-09-03
1459,elrond-egld,2020-09-04
718,swerve,2020-09-05
722,jackpool-finance,2020-09-05
1028,salmonswap,2020-09-05
47,bnsd-finance,2020-09-06
1304,justliquidity,2020-09-08
87,yfdai-finance,2020-09-08
222,alchemy-pay,2020-09-09
535,yffii-finance,2020-09-09
777,defibox,2020-09-09
1448,dmd,2020-09-09
1435,sashimi,2020-09-10
901,zeedex,2020-09-10
1406,amp,2020-09-11
1527,sun,2020-09-11
687,sake-token,2020-09-11
803,moonswap,2020-09-11
1056,nyan-finance,2020-09-12
946,pickle-finance,2020-09-12
90,stafi,2020-09-13
843,phala-network,2020-09-13
131,hedget,2020-09-14
1696,yieldfarming-insure,2020-09-14
1547,golff,2020-09-14
1628,defi-pulse-index,2020-09-15
460,aavegotchi-ghst-token,2020-09-15
783,frontier,2020-09-15
875,wing,2020-09-16
1171,uniswap,2020-09-17
275,dego-finance,2020-09-17
1560,linear,2020-09-21
1239,new-bitshares,2020-09-21
671,samurai,2020-09-21
899,yamv3,2020-09-22
1487,oneswap-dao-token,2020-09-22
1432,ytsla-finance,2020-09-22
1702,rotten,2020-09-25
730,pancakeswap,2020-09-29
1504,beowulf,2020-09-29
1482,burger-swap,2020-09-29
831,defi-bids,2020-09-29
1673,rio-defi,2020-09-29
1671,dhedge-dao,2020-09-30
1442,lua-token,2020-09-30
1616,secret,2020-09-30
187,bidao,2020-09-30
656,flamingo,2020-09-30
1121,cvault-finance,2020-09-30
1437,crust,2020-09-30
822,revv,2020-10-01
796,rarible,2020-10-01
1160,eight-hours,2020-10-01
1499,shroom-finance,2020-10-05
438,piedao-dough-v2,2020-10-05
591,polyient-games-governance-token,2020-10-06
779,owl-token-stealthswap,2020-10-07
575,doki-doki-finance,2020-10-12
1069,non-fungible-yearn,2020-10-13
772,near-protocol,2020-10-14
857,yearn-finance-dot,2020-10-14
540,file-coin,2020-10-15
164,compound-usdt,2020-10-16
97,nucypher,2020-10-16
649,apecoin,2020-10-19
441,zeroswap,2020-10-19
383,counos-x,2020-10-21
1026,injective-protocol,2020-10-21
1210,bella-protocol,2020-10-22
1801,pria,2020-10-22
96,unilend,2020-10-22
747,yeld-finance,2020-10-22
1556,huobi-btc,2020-10-23
1775,tontoken,2020-10-23
760,hegic,2020-10-26
395,the-tokenized-bitcoin,2020-10-26
512,sbtc,2020-10-26
895,ton-crystal,2020-10-26
964,nix-bridge-token,2020-10-27
555,keep3rv1,2020-10-28
237,certik,2020-10-28
961,nexalt,2020-10-28
296,parsiq,2020-10-30
1581,surf,2020-10-30
476,easyfi,2020-10-30
14,xcredit,2020-10-30
1667,unfederalreserve,2020-11-01
1233,keep4r,2020-11-03
54,gameswap,2020-11-04
1033,defidollar-dao,2020-11-04
631,axie-infinity,2020-11-06
706,alpha-finance-lab,2020-11-06
634,nsure-network,2020-11-06
209,venus,2020-11-06
264,lattice-token,2020-11-10
714,yfi-mobi,2020-11-10
440,azuki,2020-11-11
1792,plotx,2020-11-13
167,sav3token,2020-11-16
1617,keeperdao,2020-11-16
1639,oro,2020-11-16
1506,axion,2020-11-16
1146,bitcoin-cash-abc-2,2020-11-17
1338,apy-finance,2020-11-18
410,jarvis-network,2020-11-19
208,hermez-network,2020-11-19
1215,trust-wallet-token,2020-11-19
573,yui-token,2020-11-19
270,synlev,2020-11-19
1610,freeway-token,2020-11-20
271,saffron-finance,2020-11-20
1760,oasis-network,2020-11-20
807,dmscript,2020-11-20
988,wink,2020-11-22
942,truefi-token,2020-11-22
1255,komet,2020-11-24
290,audius,2020-11-24
1512,88mph,2020-11-24
1045,ethereum-yield,2020-11-24
206,88mph 2,2020-11-24
1542,unifi-protocol-dao,2020-11-24
1765,paypolitan-token,2020-11-24
1286,leverj-gluon,2020-11-25
948,bonded-finance,2020-11-26
1668,entercoin,2020-11-28
282,api3,2020-11-30
1292,muse,2020-11-30
176,skale-network,2020-12-01
445,etherisc,2020-12-01
279,base-protocol,2020-12-03
247,zoracles,2020-12-03
694,badger-dao,2020-12-07
1209,monavale,2020-12-07
1573,iterationsyndicate,2020-12-07
10,hard-protocol,2020-12-08
1734,reflect-finance,2020-12-08
433,kira-network,2020-12-08
1186,sora-validator-token,2020-12-09
947,mirror-protocol,2020-12-10
753,power-index-pool-token,2020-12-10
76,deflect,2020-12-14
510,xvix,2020-12-14
1036,offshift,2020-12-14
1102,holyheld,2020-12-15
1488,katalyo,2020-12-15
1127,spiderdao,2020-12-15
978,trinity-protocol,2020-12-15
181,dodo,2020-12-15
1641,the-graph,2020-12-17
1698,veruscoin,2020-12-18
161,mahadao,2020-12-18
427,union-protocol-governance-token,2020-12-21
598,marlin,2020-12-22
451,juventus-fan-token,2020-12-22
1365,paris-saint-germain-fan-token,2020-12-22
463,onx-finance,2020-12-22
1858,duck-dao,2020-12-22
1021,decoin,2020-12-24
1004,efforce,2020-12-25
864,1inch,2020-12-25
1430,bonfida,2020-12-28
849,whiteheart,2020-12-28
837,bifrost,2020-12-29
470,shopping,2021-01-02
1410,one-share,2021-01-02
563,mithril-share,2021-01-02
1510,smartkey,2021-01-03
26,radix,2021-01-04
312,frax-share,2021-01-04
214,bondly,2021-01-09
329,yield,2021-01-10
1508,xdef-finance,2021-01-11
1050,tokenlon-network-token,2021-01-11
1484,exeedme,2021-01-13
364,deus-finance,2021-01-13
304,mars,2021-01-13
1320,pbtc35a,2021-01-13
1519,lido-dao,2021-01-14
1650,yaxis,2021-01-14
1563,bitcoin-standard-hashrate-token,2021-01-14
1492,basis-gold-share,2021-01-18
1358,poolz-finance,2021-01-18
402,barnbridge,2021-01-18
278,value-defi-protocol,2021-01-18
194,oraichain-token,2021-01-18
212,duckdaodime,2021-01-18
111,perpetual-protocol,2021-01-18
686,octofi,2021-01-18
362,zero-exchange,2021-01-20
151,glitch,2021-01-20
1526,insured-finance,2021-01-22
1620,swapfolio,2021-01-22
1403,stake-dao,2021-01-22
1098,pokeball,2021-01-22
267,polkacover,2021-01-22
525,typhoon-cash,2021-01-22
612,buysell,2021-01-25
819,armor,2021-01-27
1826,flow,2021-01-27
5,digg,2021-01-27
940,allianceblock,2021-01-27
1541,snowswap,2021-01-27
1179,akash-network,2021-01-27
452,polkabridge,2021-01-27
1112,paid-network,2021-01-28
72,tosdis,2021-01-28
1574,opium,2021-01-29
1697,seth,2021-01-31
347,polkastarter,2021-01-31
1265,bridge-mutual,2021-01-31
861,archer-dao-governance-token,2021-01-31
1175,fuse-network,2021-02-01
1660,iqcash,2021-02-01
15,reef,2021-02-02
1855,measurable-data-token,2021-02-02
1678,maps,2021-02-02
1733,name-changing-token,2021-02-02
1582,furucombo,2021-02-02
1653,wootrade,2021-02-02
1455,dkargo,2021-02-02
1572,titanswap,2021-02-02
1390,gourmet-galaxy,2021-02-03
157,auto,2021-02-03
589,blocery,2021-02-03
1407,dextools,2021-02-03
1326,fsw-token,2021-02-03
507,cudos,2021-02-03
1220,kebab-token,2021-02-03
1126,boringdao,2021-02-03
551,sdefi,2021-02-05
1636,ieth,2021-02-05
325,sxag,2021-02-05
845,ibtc-synthetix,2021-02-05
1311,sada,2021-02-05
897,ptokens-btc,2021-02-05
605,slink,2021-02-05
93,index-cooperative,2021-02-07
1420,butterfly-protocol-2,2021-02-07
1322,nftx-hashmasks-index,2021-02-07
3,razor-network,2021-02-07
153,optionroom,2021-02-09
1414,umbrella-network,2021-02-10
726,safepal,2021-02-10
1001,torn,2021-02-10
1590,dao-maker,2021-02-11
1038,deri-protocol,2021-02-11
916,finxflo,2021-02-11
1044,prosper,2021-02-13
503,litentry,2021-02-13
715,b20,2021-02-17
696,goose-finance,2021-02-18
428,cafeswap-token,2021-02-18
682,zkswap,2021-02-18
1746,daoventures,2021-02-18
1622,pooltogether,2021-02-19
941,rai,2021-02-22
400,p-quickswap,2021-02-24
134,quickswap,2021-02-24
1431,rari-governance-token,2021-02-24
1333,superfarm,2021-02-24
145,tent,2021-02-25
439,bao-finance,2021-03-02
645,bounce,2021-03-02
1533,antimatter,2021-03-02
1065,nord-finance,2021-03-02
1089,unistake,2021-03-02
577,bmultiplier,2021-03-02
1849,alchemix,2021-03-02
570,vesper,2021-03-02
751,hathor,2021-03-02
1845,hopr,2021-03-02
708,hydro,2021-03-03
1516,shadows,2021-03-04
1605,bscpad,2021-03-04
579,paint,2021-03-04
318,kylin,2021-03-04
788,deor,2021-03-04
791,ruler-protocol,2021-03-05
1145,minty-art,2021-03-05
1200,creditcoin,2021-03-09
136,big-data-protocol,2021-03-10
773,rally,2021-03-10
993,math,2021-03-12
878,portion,2021-03-15
893,crowns,2021-03-15
1417,terra-virtua-kolekt,2021-03-15
1577,shiba-inu,2021-03-15
1799,mask-network,2021-03-15
672,myneighboralice,2021-03-15
41,kine,2021-03-15
1244,yvs-finance,2021-03-15
781,hoge-finance,2021-03-15
1003,inverse-finance,2021-03-15
775,balpha,2021-03-15
763,radicle,2021-03-15
852,safemoon,2021-03-16
53,dsla-protocol,2021-03-16
622,oxygen,2021-03-16
1211,tower-token,2021-03-16
163,polkafoundry,2021-03-17
1314,konomi-network,2021-03-17
1676,props,2021-03-17
1426,anchor-protocol,2021-03-18
127,lepricon,2021-03-18
928,peanut,2021-03-18
1343,jasmy,2021-03-18
500,nft,2021-03-22
249,stater,2021-03-22
1197,ethernity-chain,2021-03-22
1395,float-protocol,2021-03-22
1380,ellipsis,2021-03-24
854,fm-gallery,2021-03-24
1221,a2dao,2021-03-24
1767,bamboo-defi,2021-03-24
1783,tidal-finance,2021-03-25
1569,symbol,2021-03-25
466,klaytn,2021-03-25
1378,ramp,2021-03-29
1309,convergence,2021-03-29
1371,unmarshal,2021-03-30
1323,cellframe,2021-03-30
595,polkamarkets,2021-03-30
70,futureswap,2021-03-30
1413,blind-boxes,2021-03-31
1051,stone,2021-03-31
1295,graphlinq-protocol,2021-03-31
1591,rage-fan,2021-04-01
615,splyt,2021-04-01
1784,maro,2021-04-01
1789,blank-wallet,2021-04-02
334,aioz-network,2021-04-05
959,conflux-network,2021-04-06
653,mdex,2021-04-06
113,tokocrypto,2021-04-08
866,nftx,2021-04-09
1412,liquity,2021-04-09
1649,kattana,2021-04-09
1827,k21,2021-04-13
1856,visor-finance,2021-04-13
735,metaverse-index,2021-04-14
71,alien-worlds,2021-04-14
252,epns,2021-04-14
805,sparkpoint,2021-04-15
129,genesis-shards,2021-04-15
1268,unizen,2021-04-19
1347,ampleforth-governance-token,2021-04-22
418,kishu-inu,2021-04-22
1332,xend-finance,2021-04-26
1188,dogelon,2021-04-26
731,ecomi,2021-04-26
1534,smoothy,2021-04-28
498,method-finance,2021-04-28
1355,alchemist,2021-04-28
495,bakerytoken,2021-04-29
1062,spore-finance,2021-04-30
844,pangolin,2021-05-01
141,truebit,2021-05-02
553,ureeqa,2021-05-04
481,internet-computer,2021-05-10
600,boson-protocol,2021-05-11
749,loser-coin,2021-05-11
1108,waves-enterprise,2021-05-13
1739,webdollar,2021-05-13
149,strike,2021-05-13
221,popsicle-finance,2021-05-13
1638,uncx,2021-05-13
879,olympus,2021-05-14
1095,hapi-one,2021-05-14
608,bridge-oracle,2021-05-14
1248,mobilecoin,2021-05-14
1637,raydium,2021-05-14
346,trias-token,2021-05-14
1280,everest,2021-05-14
1348,casper,2021-05-14
1828,quantfury-token,2021-05-14
1151,convex-finance,2021-05-18
1690,gitcoin,2021-05-25
162,automata-network,2021-06-07
322,smart-bitcoin,2021-06-14
1631,indexed-finance,2021-06-21
1707,peony,2021-06-23
1758,earneo,2021-06-23
1645,chronotech,2021-06-24
283,sun-contract,2021-06-24
1721,covalent,2021-06-24
698,mina,2021-06-24
280,dawn-protocol,2021-07-05
327,totemfi,2021-07-09
1285,dexe,2021-07-12
764,illuvium,2021-07-12
795,fox-token,2021-07-19
752,step-finance,2021-07-19
37,hyve,2021-07-21
244,wall-street-games,2021-07-27
979,alpaca-finance,2021-07-27
1809,cryptoblades,2021-07-27
1505,my-defi-pet,2021-07-27
1841,mist,2021-07-27
917,compound-uniswap,2021-07-29
366,gala,2021-08-05
319,clover,2021-08-05
601,gamee,2021-08-05
1100,chain-guardians,2021-08-05
1633,fractal,2021-08-05
1321,efinity,2021-08-05
1621,coin98,2021-08-09
1729,powertrade-fuel,2021-08-09
306,fear-nfts,2021-08-09
827,tenset,2021-08-09
707,tribe,2021-08-23
1205,chartex,2021-08-23
798,superrare,2021-08-23
1470,julswap,2021-08-24
28,mobox,2021-08-26
1261,binemon,2021-08-27
13,solanium,2021-08-30
426,solrise-finance,2021-08-30
1852,mango-markets,2021-08-30
639,o3swap,2021-08-30
1466,solfarm,2021-08-30
724,playdapp,2021-09-01
1006,beefy-finance,2021-09-01
1058,decentral-games,2021-09-01
1252,bitdao,2021-09-02
233,atari-token,2021-09-03
398,punk,2021-09-03
330,adventure-gold,2021-09-03
1192,moonriver,2021-09-06
241,vegaprotocol,2021-09-07
1301,dydx,2021-09-08
769,senso,2021-09-08
1467,wbnb,2021-09-09
784,defichain,2021-09-09
1829,ecash,2021-09-09
986,yield-guild-games,2021-09-09
1240,orbit-chain,2021-09-09
1373,persistence,2021-09-09
31,chia-network,2021-09-09
107,venus-bnb,2021-09-09
1081,egoras,2021-09-09
1243,youcash,2021-09-09
588,zelwin,2021-09-09
1157,the-transfer-token,2021-09-09
1703,pundix-new,2021-09-09
646,steth,2021-09-09
1008,urus,2021-09-14
1811,plasma-finance,2021-09-15
1341,fabric,2021-09-15
120,raze-network,2021-09-17
403,dafi-protocol,2021-09-20
804,newscrypto,2021-10-04
1629,p-uniswap,2021-10-05
1782,p-matic-network,2021-10-05
324,dora-factory,2021-10-05
338,p-aave,2021-10-05
1688,p-chainlink,2021-10-05
299,impossible-finance,2021-10-07
829,ribbon-finance,2021-10-08
1773,yield-app,2021-10-08
360,cirus-foundation,2021-10-20
1705,p-klima-dao,2021-10-20
1642,rubic,2021-10-22
853,ethereum-meta,2021-10-27
582,lossless,2021-10-27
633,cyberfi,2021-11-01
421,blockzerolabs,2021-11-01
768,ariva,2021-11-01
1230,beta-finance,2021-11-01
478,gods-unchained,2021-11-01
203,polkadex,2021-11-01
1843,dehive,2021-11-01
1419,berry-data,2021-11-02
